"Item 116","Código","Descrição"
"01.01","02660","Análise E Desenvolvimento De Sistemas"
"01.02","02668","Programação."
"01.03","02684","Processamento, Armazenamento Ou Hospedagem De Dados, Textos, Imagens, Vídeos, Páginas Eletrônicas, Aplicativos E Sistemas De Informação, Entre Outros Formatos, E Congêneres"
"01.04","02692","Elaboração De Programas De Computadores (Software), Inclusive De Jogos Eletrônicos, Independentemente Da Arquitetura Construtiva Da Máquina Em Que O Programa Será Executado, Incluindo Tablets, Smartphones E Congêneres"
"01.05","02800","Licenciamento Ou Cessão De Direito De Uso De Programas De Computação, Inclusive Distribuição."
"01.06","02881","Assessoria E Consultoria Em Informática"
"01.07","02919","Suporte Técnico Em Informática, Inclusive Instalação, Configuração E Manutenção De Programas De Computação E Bancos De Dados."
"01.08","02935","Planejamento, Confecção, Manutenção E Atualização De Páginas Eletrônicas"
"10.01","06130","Corretagem De Seguros."
"10.10","06041","Distribuição De Bens De Terceiros."
"10.01","06050","Agenciamento, Corretagem Ou Intermediação De Planos De Previdência Privada."
"10.01","06076","Agenciamento, Corretagem Ou Intermediação De Câmbio."
"10.01","06084","Agenciamento Ou Intermediação De Seguros."
"10.01","06092","Agenciamento, Corretagem Ou Intermediação De Cartões De Crédito."
"10.01","06114","Agenciamento, Corretagem Ou Intermediação De Planos De Saúde."
"10.02","06157","Agenciamento, Corretagem Ou Intermediação De Títulos Em Geral, Valores Mobiliários E Contratos Quaisquer."
"10.03","06173","Agenciamento, Corretagem Ou Intermediação De Direitos De Propriedade Industrial (Inclusive Marcas E Patentes), Artística Ou Literária."
"10.04","06190","Agenciamento, Corretagem Ou Intermediação De Contratos De Arrendamento Mercantil (Leasing)."
"10.04","06220","Agenciamento, Corretagem Ou Intermediação De Contratos De Franquia (Franchising)."
"10.04","06238","Agenciamento, Corretagem Ou Intermediação De Contratos De Faturização (Factoring)."
"10.05","06270","Agenciamento, Corretagem Ou Intermediação De Bens, Realizados No Âmbito De Bolsas De Mercadorias E Futuros, Por Quaisquer Meios."
"10.05","06297","Agenciamento, Corretagem Ou Intermediação De Bens Móveis Ou Imóveis, Não Abrangidos Em Outros Itens Ou Subitens, Por Quaisquer Meios."
"10.06","06335","Agenciamento Marítimo."
"10.07","06351","Agenciamento De Notícias."
"10.08","06394","Agenciamento De Publicidade E Propaganda, Inclusive O Agenciamento De Veiculação Por Quaisquer Meios."
"10.09","06009","Representação De Qualquer Natureza, Inclusive Comercial."
"11.01","07811","Guarda E Estacionamento De Veículos Terrestres Automotores."
"11.01","07838","Guarda E Estacionamento De Veículos Terrestres Automotores, Em Postos De Gasolina."
"11.01","07846","Guarda E Estacionamento Do Tipo "Valet Service"."
"11.01","07854","Guarda E Estacionamento De Aeronaves E De Embarcações."
"11.02","07870","Vigilância, Segurança Ou Monitoramento De Bens, Pessoas E Semoventes."
"11.03","07897","Escolta, Inclusive De Veículos E Cargas."
"11.04","07927","Armazenamento, Depósito, Carga, Descarga, Arrumação E Guarda De Bens De Qualquer Espécie."
"12.01","08052","Espetáculos Teatrais."
"12.01","08274","Espetáculos Teatrais E Espetáculos Circenses, Óperas, Ballet, Danças, Concertos, Recitais E Congêneres (Contribuinte Não Estabelecido No Município De São Paulo)."
"12.10","08192","Corridas E Competições De Animais."
"12.02","08079","Exibições Cinematográficas."
"12.02","08273","Prestação De Serviço De Diversões Públicas, Prestado Por Contribuinte Não Estabelecido No Município De São Paulo."
"12.03","08087","Espetáculos Circenses."
"12.03","08274","Espetáculos Teatrais E Espetáculos Circenses, Óperas, Ballet, Danças, Concertos, Recitais E Congêneres (Contribuinte Não Estabelecido No Município De São Paulo)."
"12.04","08095","Programas De Auditório."
"12.04","08273","Prestação De Serviço De Diversões Públicas, Prestado Por Contribuinte Não Estabelecido No Município De São Paulo."
"12.05","08117","Parques De Diversões, Centros De Lazer E Congêneres."
"12.05","08257","Parques De Diversões, Centros De Lazer E Congêneres (Contribuinte Não Estabelecido No Município De São Paulo)."
"12.06","08125","Boates, Taxi-Dancing, Night-Club, Cabaré, Danceteria, Casas Noturnas, Bares Noturnos, Restaurantes Dançantes E Outros Estabelecimentos De Diversão Pública Com Cobrança De Couvert Artístico E Congêneres."
"12.06","08273","Prestação De Serviço De Diversões Públicas, Prestado Por Contribuinte Não Estabelecido No Município De São Paulo."
"12.07","08168","Óperas, Ballet, Danças, Concertos, Recitais E Congêneres."
"12.07","08274","Espetáculos Teatrais E Espetáculos Circenses, Óperas, Ballet, Danças, Concertos, Recitais E Congêneres (Contribuinte Não Estabelecido No Município De São Paulo)."
"12.07","08133","Shows, Bailes, Desfiles, Festivais E Congêneres."
"12.07","08273","Prestação De Serviço De Diversões Públicas, Prestado Por Contribuinte Não Estabelecido No Município De São Paulo."
"12.08","08176","Feiras, Exposições, Congressos E Congêneres."
"12.08","08273","Prestação De Serviço De Diversões Públicas, Prestado Por Contribuinte Não Estabelecido No Município De São Paulo."
"12.09","08311","Bilhar Por Tempo (Snooker), Bilhar Por Ficha E Pebolim."
"12.09","08320","Boliche."
"12.09","08338","Divertimento Eletrônico, Inclusive Vitrola Automática, Cabines Privê, Computadores, Videogames, Videokê E Demais Equipamentos Acionados Por Fichas, Cartões, Ou Quaisquer Outros Dispositivos."
"12.09","08354","Divertimento Eletrônico, Inclusive Vitrola Automática, Cabines Privê, Computadores, Videogames, Videokê E Demais Equipamentos Acionados Por Fichas, Cartões, Ou Quaisquer Outros Dispositivos, Serviços Prestados Em Estabelecimentos Instalados Em Shopping Centers E Parques De Diversões."
"12.09","08362","Máquina Eletronicamente Programável Ou Outra Máquina De Entretenimento, Com Distribuição De Prêmios."
"12.09","08370","Máquina Eletronicamente Programável Ou Outra Máquina De Entretenimento, Com Distribuição De Prêmios, Instalada Em Estabelecimentos Do Tipo Bingo."
"12.09","08397","Carteado, Dominó, Víspora, E Outros Tipos De Diversões Com Cobrança Facultativa De Ingresso."
"12.10","08273","Prestação De Serviço De Diversões Públicas, Prestado Por Contribuinte Não Estabelecido No Município De São Paulo."
"12.11","08281","Competições Esportivas - Grande Prêmio Brasil De Fórmula 1. Quando Prestado Por Contribuinte Estabelecido No Município De São Paulo."
"12.11","08290","Competições Esportivas - Grande Prêmio Brasil De Fórmula 1. Quando Prestado Por Contribuinte Não Estabelecido No Município De São Paulo."
"12.11","08206","Competições Esportivas Ou De Destreza Física Ou Intelectual, Com Ou Sem A Participação Do Espectador."
"12.11","08273","Prestação De Serviço De Diversões Públicas, Prestado Por Contribuinte Não Estabelecido No Município De São Paulo."
"12.12","08400","Execução De Música, Individualmente Ou Por Conjunto."
"12.13","06777","Produção, Mediante Ou Sem Encomenda Prévia, De Eventos, Espetáculos, Entrevistas, Shows, Ballet, Danças, Desfiles, Bailes, Teatros, Óperas, Concertos, Recitais, Festivais E Congêneres."
"12.14","08419","Fornecimento De Música Para Ambientes Fechados Ou Não, Mediante Transmissão Por Qualquer Processo."
"12.15","08214","Desfiles De Blocos Carnavalescos Ou Folclóricos, Trios Elétricos E Congêneres."
"12.15","08273","Prestação De Serviço De Diversões Públicas, Prestado Por Contribuinte Não Estabelecido No Município De São Paulo."
"12.16","08230","Exibição De Filmes, Entrevistas, Musicais, Espetáculos, Shows, Concertos, Desfiles, Óperas, Competições Esportivas, De Destreza Intelectual Ou Congêneres."
"12.16","08273","Prestação De Serviço De Diversões Públicas, Prestado Por Contribuinte Não Estabelecido No Município De São Paulo."
"12.17","07218","Recreação E Animação, Inclusive Em Festas E Eventos De Qualquer Natureza."
"13.02","06793","Fonografia Ou Gravação De Sons, Inclusive Trucagem, Dublagem, Mixagem E Congêneres."
"13.03","06807","Fotografia E Cinematografia, Inclusive Revelação, Ampliação, Cópia, Retocagem, Reprodução, Trucagem E Congêneres (Inclusive Para Televisão)."
"13.04","06815","Reprografia, Microfilmagem E Digitalização."
"13.05","06940","Composição Gráfica, Inclusive Composição De Impressos Gráficos, Fotocomposição, Clicheria, Zincografia, Litografia, Fotolitografia, Estereotipia, Serigrafia E Outras Matrizes De Impressão"
"13.05","06912","Artes Gráficas, Tipografia, Diagramação, Paginação E Gravação."
"14.01","07331","Lustração De Bens Móveis."
"14.01","07366","Lubrificação, Lavagem E Limpeza Não Automáticas De Veículos, Exceto Em Postos De Gasolina."
"14.01","07390","Lubrificação, Lavagem E Limpeza De Veículos, Inclusive Automáticas, Em Postos De Gasolina."
"14.01","07412","Lubrificação, Lavagem E Limpeza Automáticas De Veículos, Exceto Em Postos De Gasolina."
"14.01","07439","Lubrificação, Limpeza, Revisão De Máquinas, Aparelhos, Equipamentos, Motores, Elevadores E Objetos De Qualquer Natureza, Exceto Veículos."
"14.01","07447","Carga E Recarga De Aparelhos, Equipamentos E Objetos De Quaisquer Natureza."
"14.01","07455","Conserto, Restauração, Manutenção, Conservação E Pintura De Veículos, Exceto Os Serviços Executados Por Concessionária Ou Revendedor Autorizado (Exceto Peças E Partes Empregadas, Que Ficam Sujeitas Ao ICMS)."
"14.01","07471","Conserto, Restauração, Manutenção, Conservação E Pintura De Veículos Executados Por Concessionária Ou Revendedor Autorizado (Exceto Peças E Partes Empregadas, Que Ficam Sujeitas Ao ICMS)."
"14.01","07498","Conserto, Restauração, Manutenção E Conservação De Máquinas, Aparelhos, Equipamentos, Motores, Elevadores Ou De Quaisquer Outros Objetos, Exceto Veículos (Exceto Peças E Partes Empregadas, Que Ficam Sujeitas Ao ICMS)."
"14.01","07510","Blindagem"
"14.10","07617","Tinturaria E Lavanderia."
"14.02","01880","Assistência Técnica."
"14.03","07552","Retífica E Recondicionamento De Motores (Exceto Peças E Partes Empregadas, Que Ficam Sujeitas Ao ICMS)."
"14.04","07560","Recauchutagem Ou Regeneração De Pneus, Borracharia."
"14.05","07579","Restauração, Recondicionamento, Acondicionamento, Pintura, Beneficiamento, Lavagem, Secagem, Tingimento, Galvanoplastia, Anodização, Corte, Recorte, Polimento, Plastificação, Costura, Acabamento, E Congêneres, De Objetos Quaisquer"
"14.05","07579","Restauração, Recondicionamento, Acondicionamento, Pintura, Beneficiamento, Lavagem, Secagem, Tingimento, Galvanoplastia, Anodização, Corte, Recorte, Polimento, Plastificação E Congêneres, De Objetos Quaisquer."
"14.06","07285","Instalação E Montagem De Aparelhos, Máquinas E Equipamentos, Prestados Ao Usuário Final, Exclusivamente Com Material Por Ele Fornecido."
"14.06","07315","Instalação E Montagem Industrial, Prestada Ao Usuário Final, Exclusivamente Com Material Por Ele Fornecido."
"14.07","06831","Colocação De Molduras E Congêneres."
"14.08","06858","Encadernação, Gravação E Douração De Livros, Revistas E Congêneres."
"14.09","07595","Alfaiataria, Costura E Congêneres, Quando O Material For Fornecido Pelo Usuário Final, Exceto Aviamento."
"14.11","07641","Tapeçaria E Reforma De Estofamentos Em Geral."
"14.12","07676","Funilaria E Lanternagem, Incluindo A Pintura."
"14.13","01104","Carpintaria E Serralheria"
"16.01","02330","Transporte Por Ônibus (Concessionária E Permissionárias)."
"16.01","02340","Serviços De Transporte Coletivo Municipal Rodoviário, Metroviário, Ferroviário E Aquaviário De Passageiros (Exceto Transporte Coletivo De Passageiros Por Ônibus, Realizado Por Concessionários E Permissionários Do Serviço)."
"16.01","02321","Transporte Público De Passageiros, Realizado Pela Companhia Do Metropolitano De São Paulo – METRÔ."
"17.01","03093","Análises, Exames, Pesquisas, Compilação, Fornecimento De Informações E Coleta De Dados De Qualquer Natureza."
"17.01","03115","Assessoria Ou Consultoria De Qualquer Natureza, Não Contida Em Outros Itens Desta Lista."
"17.02","03123","Tradução E Interpretação."
"17.02","03158","Datilografia, Digitação, Estenografia, Expediente, Secretaria Em Geral, Resposta Audível (Telemarketing), Redação, Edição, Revisão, Apoio E Infra-Estrutura Administrativa E Congêneres."
"17.21","03719","Estatística."
"17.03","01899","Planejamento, Coordenação, Programação Ou Organização Técnica, Financeira Ou Administrativa."
"17.04","06475","Recrutamento, Agenciamento, Seleção E Colocação De Mão-De-Obra."
"17.05","06491","Fornecimento De Mão-De-Obra, Mesmo Em Caráter Temporário, Inclusive De Empregados Ou Trabalhadores, Avulsos Ou Temporários, Contratados Pelo Prestador De Serviço."
"17.06","02496","Propaganda E Publicidade, Inclusive Promoção De Vendas, Planejamento De Campanhas Ou Sistemas De Publicidade, Elaboração De Desenhos, Textos E Demais Materiais Publicitários."
"17.08","06521","Franquia (Franchising)."
"17.09","01902","Perícias, Laudos, Exames Técnicos E Análises Técnicas, Inclusive Institutos Psicotécnicos."
"17.09","01903","Inspeção Ambiental Veicular"
"17.10","07161","Planejamento, Organização E Administração De Feiras, Exposições, Congressos E Congêneres."
"17.11","07196","Organização De Festas E Recepções"," Bufê (Exceto O Fornecimento De Alimentação E Bebidas, Que Fica Sujeito Ao ICMS)."
"17.12","03210","Administração De Benefícios Relativos A Planos De Assistência À Saúde."
"17.12","03204","Administração De Bens E Negócios Em Geral, Inclusive De Terceiros, Exceto Imóveis."
"17.12","03212","Administração De Imóveis."
"17.12","05894","Administração De Distribuição De Co-Seguros."
"17.14","03220","Advocacia."
"17.14","03379","Advocacia (Regime Especial - Sociedade)."
"17.16","03395","Auditoria."
"17.16","03433","Auditoria (Regime Especial - Sociedade)."
"17.17","02038","Análise De Organização E Métodos."
"17.18","03450","Atuária E Cálculos Técnicos De Qualquer Natureza."
"17.19","03476","Contabilidade, Inclusive Serviços Técnicos E Auxiliares."
"17.19","03620","Contador, Técnico Em Contabilidade, Guarda-Livros E Congêneres (Regime Especial - Sociedade)."
"17.20","03654","Consultoria E Assessoria Econômica Ou Financeira."
"17.20","03700","Economistas (Regime Especial - Sociedade)."
"17.22","06564","Cobranças E Recebimentos Por Conta De Terceiros, Protestos De Títulos, Sustação De Protestos, Devolução De Títulos Não Pagos, Manutenção De Títulos Vencidos, Fornecimentos De Posição De Cobrança Ou Recebimento E Outros Serviços Correlatos (Exceto Serviços De Instituições Financeiras)."
"17.25","02498","Inserção De Textos, Desenhos E Outros Materiais De Propaganda E Publicidade, Em Qualquer Meio (Exceto Em Livros, Jornais, Periódicos E Nas Modalidades De Serviços De Radiodifusão Sonora E De Sons E Imagens De Recepção Livre E Gratuita)"
"17.24","03751","Apresentação De Palestras, Conferências, Seminários E Congêneres."
"18.01","05916","Serviços De Regulação De Sinistros Vinculados A Contratos De Seguros"," Inspeção E Avaliação De Riscos Para Cobertura De Contratos De Seguros"," Prevenção E Gerência De Riscos Seguráveis E Congêneres."
"19.01","08478","Distribuição E Venda De Cartelas, Sorteios Ou Prêmios Em Bingos, Telebingos E Assemelhados."
"19.01","08486","Serviços De Distribuição E Venda De Bilhetes E Demais Produtos De Loteria, Cartões, Pules Ou Cupons De Apostas, Sorteios, Prêmios, Inclusive Os Decorrentes De Títulos De Capitalização E Congêneres."
"02.01","03085","Serviços De Pesquisas E Desenvolvimento De Qualquer Natureza."
"20.01","07951","Serviços Portuários, Ferroportuários, Utilização De Porto, Movimentação De Passageiros, Reboque De Embarcações, Rebocador Escoteiro, Atracação, Desatracação, Serviços De Praticagem, Capatazia, Armazenagem De Qualquer Natureza, Serviços Acessórios, Movimentação De Mercadorias, Serviços De Apoio Marítimo, De Movimentação Ao Largo, Serviços De Armadores, Estiva, Conferência, Logística E Congêneres."
"20.02","07960","Serviços Aeroportuários, Utilização De Aeroporto, Movimentação De Passageiros, Armazenagem De Qualquer Natureza, Capatazia, Movimentação De Aeronaves, Serviços De Apoio Aeroportuários, Serviços Acessórios, Movimentação De Mercadorias, Logística E Congêneres."
"20.03","07978","Serviços De Terminais Rodoviários, Ferroviários, Metroviários, Movimentação De Passageiros, Mercadorias, Inclusive Suas Operações, Logística E Congêneres."
"22.01","01481","Serviços De Exploração De Rodovia Mediante Cobrança De Preço Ou Pedágio Dos Usuários, Envolvendo Execução De Serviços De Conservação, Manutenção, Melhoramentos Para Adequação De Capacidade E Segurança De Trânsito, Operação, Monitoração, Assistência Aos Usuários E Outros Serviços Definidos Em Contratos, Atos De Concessão Ou De Permissão Ou Em Normas Oficiais."
"23.01","02054","Desenho Industrial."
"23.01","02500","Serviços De Programação Visual, Comunicação Visual E Congêneres."
"24.01","06963","Serviços De Chaveiros, Confecção De Carimbos, Placas, Sinalização Visual, Banners, Adesivos E Congêneres."
"25.01","06572","Funerais, Inclusive Fornecimento De Caixão, Urna Ou Esquifes"," Aluguel De Capela"," Transporte Do Corpo Cadavérico"," Fornecimento De Flores, Coroas E Outros Paramentos"," Desembaraço De Certidão De Óbito"," Fornecimento De Véu, Essa E Outros Adornos"," Embalsamento, Embelezamento, Conservação Ou Restauração De Cadáveres."
"25.02","06599","Cremação De Corpos E Partes De Corpos Cadavéricos."
"25.02","06581","Traslado Intramunicipal De Corpos E Partes De Corpos Cadavéricos"
"25.04","06610","Manutenção E Conservação De Jazigos E Cemitérios."
"26.01","02453","Serviços De Coleta, Remessa Ou Entrega De Correspondências, Documentos, Objetos, Bens Ou Valores, Realizados Pelos Correios E Suas Agências Franqueadas."
"26.01","02461","Serviços De Coleta, Remessa Ou Entrega De Correspondências, Documentos, Objetos, Bens Ou Valores, Realizados Inclusive Por Courrier E Congêneres."
"27.01","02097","Serviços De Assistência Social."
"28.01","02119","Serviços De Avaliação De Bens E Serviços De Qualquer Natureza."
"29.01","03956","Serviços De Biblioteconomia."
"03.02","07765","Cessão De Direito De Uso De Marcas E De Sinais De Propaganda."
"03.03","07773","Exploração De Salões De Festas, Centro De Convenções, Escritórios Virtuais, Stands, Quadras Esportivas, Estádios, Ginásios, Auditórios, Casas De Espetáculos, Parques De Diversões, Canchas E Congêneres, Para Realização De Eventos Ou Negócios De Qualquer Natureza."
"03.04","07790","Locação, Sublocação, Arrendamento, Direito De Passagem Ou Permissão De Uso, Compartilhado Ou Não, De Ferrovia, Rodovia, Postes, Cabos, Dutos E Condutos De Qualquer Natureza."
"03.05","07803","Cessão De Andaimes, Palcos, Coberturas E Outras Estruturas De Uso Temporário."
"30.01","02143","Serviços De Biologia, Biotecnologia E Química."
"31.01","02151","Serviços Técnicos Em Edificações, Eletrônica, Eletrotécnica, Mecânica, Telecomunicações E Congêneres."
"32.01","02186","Serviços De Desenhos Técnicos."
"33.01","06637","Serviços De Desembaraço Aduaneiro, Comissários, Despachantes E Congêneres."
"34.01","08672","Serviços De Investigações Particulares, Detetives E Congêneres."
"35.01","02534","Serviços De Reportagem, Assessoria De Imprensa, Jornalismo E Relações Públicas."
"36.01","02216","Serviços De Meteorologia."
"37.01","08842","Serviços De Artistas, Atletas, Modelos E Manequins."
"38.01","02224","Serviços De Museologia."
"39.01","08885","Serviços De Ourivesaria E Lapidação (Quando O Material For Fornecido Pelo Tomador Do Serviço)."
"04.01","04030","Medicina E Biomedicina."
"04.01","04111","Medicina E Biomedicina (Regime Especial - Sociedade)."
"04.10","04626","Nutrição."
"04.02","04138","Análises Clínicas, Patologia, Eletricidade Médica, Radioterapia, Quimioterapia, Ultra-Sonografia, Ressonância Magnética, Radiologia, Tomografia E Congêneres."
"04.02","04154","Análises Clínicas, Patologia, Eletricidade Médica, Radioterapia, Quimioterapia, Ultra-Sonografia, Ressonância Magnética, Radiologia, Tomografia E Congêneres (Regime Especial - Sociedade)."
"04.02","05576","Patologia E Eletricidade Médica."
"04.03","04170","Laboratórios."
"04.03","04189","Hospitais."
"04.03","04197","Clínicas E Sanatórios."
"04.03","04219","Ambulatórios E Prontos Socorros."
"04.03","04235","Casas De Saúde, Manicômios E Congêneres."
"04.04","04251","Instrumentação Cirúrgica."
"04.05","04260","Acupuntura."
"04.06","04316","Enfermagem, Inclusive Serviços Auxiliares."
"04.06","04359","Enfermagem, Inclusive Serviços Auxiliares (Regime Especial - Sociedade)."
"04.07","04383","Serviços Farmacêuticos."
"04.08","04391","Fisioterapia."
"04.08","04430","Fisioterapia (Regime Especial - Sociedade)."
"04.08","04472","Fonoaudiologia."
"04.08","04502","Fonoaudiologia (Regime Especial - Sociedade)."
"04.08","04510","Terapia Ocupacional."
"04.08","04553","Terapia Ocupacional (Regime Especial - Sociedade)."
"04.09","04588","Terapias De Qualquer Espécie Destinadas Ao Tratamento Físico, Orgânico E Mental, Inclusive Massoterapia."
"04.11","04634","Obstetrícia."
"04.11","04677","Obstetrícia (Regime Especial - Sociedade)."
"04.12","04693","Odontologia."
"04.12","04731","Odontologia (Regime Especial - Sociedade)."
"04.13","04774","Ortóptica."
"04.13","04901","Ortóptica (Regime Especial - Sociedade)."
"04.14","05037","Próteses Sob Encomenda."
"04.14","05096","Próteses Sob Encomenda (Regime Especial - Sociedade)."
"04.15","05100","Psicanálise."
"04.16","05118","Psicologia."
"04.16","05142","Psicologia, Clínica Ou Não (Regime Especial - Sociedade)."
"04.17","05150","Casas De Repouso, De Recuperação E Congêneres."
"04.17","05177","Creches."
"04.17","05185","Asilos."
"04.17","05584","Casas De Recuperação."
"04.18","05193","Inseminação Artificial, Fertilização In Vitro E Congêneres."
"04.19","05223","Bancos De Sangue, Leite, Pele, Olhos, Óvulos, Sêmen E Congêneres."
"04.20","05231","Coleta De Sangue, Leite, Tecidos, Sêmen, Órgãos E Materiais Biológicos De Qualquer Espécie."
"04.21","05266","Unidade De Atendimento, Assistência Ou Tratamento Móvel E Congêneres."
"40.01","08893","Serviços Relativos A Obras De Arte Sob Encomenda."
"05.01","05380","Medicina Veterinária E Zootecnia."
"05.01","05410","Medicina Veterinária E Zootecnia (Regime Especial - Sociedade)."
"05.02","05428","Hospitais, Clínicas, Ambulatórios, Prontos-Socorros E Congêneres, Na Área Veterinária."
"05.03","05436","Laboratórios De Análise Na Área Veterinária."
"05.04","05460","Inseminação Artificial, Fertilização In Vitro E Congêneres, Na Área Veterinária."
"05.05","05479","Bancos De Sangue E De Órgãos E Congêneres, Na Área Veterinária."
"05.06","05495","Coleta De Sangue, Leite, Tecidos, Sêmen, Órgãos E Materiais Biológicos De Qualquer Espécie, Na Área Veterinária."
"05.07","05517","Unidade De Atendimento, Assistência Ou Tratamento Móvel E Congêneres, Na Área Veterinária."
"05.08","08648","Guarda, Tratamento, Amestramento, Embelezamento, Alojamento E Congêneres, Relativos A Animais."
"06.01","08494","Barbearia, Cabeleireiros, Manicuros, Pedicuros E Congêneres."
"06.02","08516","Esteticistas, Tratamento De Pele, Depilação E Congêneres."
"06.03","08532","Banhos, Duchas, Sauna, Massagens E Congêneres."
"06.04","05657","Ginástica, Dança, Esportes, Natação, Artes Marciais E Demais Atividades Físicas."
"06.05","08567","Centros De Emagrecimento, Spa E Congêneres."
"07.01","01210","Paisagismo"
"07.01","01520","Engenharia, Agronomia, Arquitetura, Urbanismo E Congêneres."
"07.01","01546","Engenharia, Agronomia, Arquitetura, Urbanismo E Congêneres (Regime Especial - Sociedade)."
"07.01","01589","Agrimensura, Geologia E Congêneres."
"07.01","01627","Agrimensura, Geologia E Congêneres (Regime Especial - Sociedade)."
"07.02","01015","Execução, Por Administração, Empreitada Ou Subempreitada, De Obras De Construção Civil, Hidráulica Ou Elétrica E De Outras Obras Semelhantes, Inclusive Sondagem, Perfuração De Poços, Escavação, Drenagem E Irrigação, Terraplanagem, Pavimentação, Concretagem E A Instalação E Montagem De Produtos, Peças E Equipamentos (Exceto O Fornecimento De Mercadorias Produzidas Pelo Prestador De Serviços Fora Do Local Da Prestação Dos Serviços, Que Fica Sujeito Ao ICMS)."
"07.02","01023","Execução Por Administração, Empreitada Ou Subempreitada, De Obras De Construção Civil, Elétrica Ou Outras Obras Semelhantes, E Respectivos Serviços Auxiliares Ou Complementares, Inclusive Terraplenagem, Pavimentação, Concretagem E A Instalação E Montagem De Produtos, Peças E Equipamentos Que Se Agreguem Ao Imóvel (Exceto O Fornecimento De Mercadorias Produzidas Pelo Prestador De Serviços Fora Do Local Da Prestação Dos Serviços, Que Fica Sujeito Ao ICMS)."
"07.03","01694","Elaboração De Planos Diretores, Estudos De Viabilidade, Estudos Organizacionais E Outros, Relacionados Com Obras E Serviços De Engenharia"," Elaboração De Anteprojetos, Projetos Básicos E Projetos Executivos Para Trabalhos De Engenharia."
"07.04","01031","Demolição."
"07.05","01058","Reparação, Conservação E Reforma De Edifícios, Estradas, Pontes, Portos E Congêneres (Exceto O Fornecimento De Mercadorias Produzidas Pelo Prestador Dos Serviços, Fora Do Local Da Prestação Dos Serviços, Que Fica Sujeito Ao ICMS)."
"23.01","02500","Serviços De Programação Visual, Comunicação Visual E Congêneres."
"07.06","01228","Colocação E Instalação De Tapetes, Carpetes, Assoalhos, Cortinas, Revestimentos De Parede, Vidros, Divisórias, Placas De Gesso E Congêneres, Com Material Fornecido Pelo Tomador Do Serviço."
"07.07","01236","Recuperação, Raspagem, Polimento E Lustração De Pisos E Congêneres."
"07.08","01244","Calafetação."
"07.09","01325","Varrição, Coleta, Remoção, Incineração, Tratamento, Reciclagem Separação E Destinação Final De Lixo, Rejeitos E Outros Resíduos Quaisquer."
"07.10","01406","Limpeza, Manutenção E Conservação De Imóveis, Chaminés, Piscinas E Congêneres, Inclusive Fossas."
"07.10","01384","Limpeza, Manutenção E Conservação De Vias E Logradouros Públicos, Parques, Jardins E Congêneres."
"07.11","01430","Decoração."
"07.11","01449","Jardinagem, Inclusive Corte E Poda De Árvores."
"07.12","01724","Controle E Tratamento De Efluentes De Qualquer Natureza E De Agentes Físicos, Químicos E Biológicos."
"07.13","01465","Dedetização, Desinfecção, Desinsetização, Imunização, Higienização, Desratização, Pulverização E Congêneres."
"07.18","01473","Limpeza E Dragagem De Rios, Portos, Canais, Baías, Lagos, Lagoas, Represas, Açudes E Congêneres."
"07.17","01090","Escoramento, Contenção De Encostas E Serviços Congêneres."
"07.19","01805","Acompanhamento E Fiscalização Da Execução De Obras De Engenharia, Arquitetura E Urbanismo."
"07.20","01821","Aerofotogrametria (Inclusive Interpretação), Cartografia, Mapeamento, Levantamentos Topográficos, Batimétricos, Geográficos, Geodésicos, Geológicos, Geofísicos E Congêneres."
"07.21","01864","Pesquisa, Perfuração, Cimentação, Mergulho, Perfilagem, Concretação, Testemunhagem, Pescaria, Estimulação E Outros Serviços Relacionados Com A Exploração E Explotação De Petróleo, Gás Natural E De Outros Recursos Minerais."
"07.22","01872","Nucleação E Bombardeamento De Nuvens E Congêneres."
"08.01","05673","Ensino Regular Pré-Escolar, Fundamental E Médio, Inclusive Cursos Profissionalizantes."
"08.01","05690","Ensino Superior, Cursos De Graduação E Demais Cursos Seqüenciais."
"08.01","05711","Ensino Superior, Cursos De Pós-Graduação, Mestrado, Doutorado, Pós-Doutorado."
"08.02","05738","Auto-Escolas, Moto-Escolas E Congêneres."
"08.02","05762","Outros Serviços De Instrução, Treinamento, Orientação Pedagógica E Educacional, Avaliação De Conhecimentos De Qualquer Natureza."
"09.01","07005","Hospedagem Em Hotéis E Hotelaria Marítima."
"09.01","07013","Hospedagem Em Pensões, Albergues, Pousadas, Hospedarias, Ocupação Por Temporada Com Fornecimento De Serviços E Congêneres."
"09.01","07056","Hospedagem Em Motéis."
"09.01","07099","Hospedagem Em Apart-Service Condominiais, Flat, Apart-Hotéis, Hotéis Residência, Residence-Service, Suite Service E Congêneres."
"09.02","07123","Organização, Promoção E Execução De Programas De Turismo, Passeios, Viagens, Excursões, Hospedagens E Congêneres"
"09.02","07109","Agenciamento E Intermediação De Programas De Turismo, Passeios, Viagens, Excursões, Hospedagens E Congêneres"
"09.03","07137","Guias De Turismo."
"01.09","02962","Disponibilização, Sem Cessão Definitiva, De Conteúdos De Áudio Por Meio Da Internet (Exceto A Distribuição De Conteúdos Pelas Prestadoras De Serviço De Acesso Condicionado, De Que Trata A Lei Federal Nº 12.485, De 12 De Setembro De 2011, Sujeita Ao ICMS)"
"01.09","02963","Disponibilização, Sem Cessão Definitiva, De Conteúdos De Vídeo Por Meio Da Internet (Exceto A Distribuição De Conteúdos Pelas Prestadoras De Serviço De Acesso Condicionado, De Que Trata A Lei Federal Nº 12.485, De 12 De Setembro De 2011, Sujeita Ao ICMS)"
"01.09","02961","Disponibilização, Sem Cessão Definitiva, De Conteúdos De Imagem E Texto Por Meio Da Internet, Respeitada A Imunidade De Livros, Jornais E Periódicos (Exceto A Distribuição De Conteúdos Pelas Prestadoras De Serviço De Acesso Condicionado, De Que Trata A Lei Federal Nº 12.485, De 12 De Setembro De 2011, Sujeita Ao ICMS)"
"06.06","08658","Aplicação De Tatuagens, Piercings E Congêneres"
"14.14","07324","Guincho Intramunicipal, Guindaste E Içamento."
"25.05","06613","Cessão De Uso De Espaços Em Cemitérios Para Sepultamento"
"07.18","01741","Florestamento, Reflorestamento, Semeadura, Adubação, Reparação De Solo, Plantio, Silagem, Colheita, Corte E Descascamento De Árvores, Silvicultura, Exploração Florestal E Dos Serviços Congêneres Indissociáveis Da Formação, Manutenção E Colheita De Florestas, Para Quaisquer Fins E Por Quaisquer Meios"
"05.09","05533","Planos De Atendimenro E Assistência-Veterinária."
"04.22","05274","Planos De Medicina De Grupo Ou Individual E Convênios Para Prestação De Assitência Médica, Hospitalar, Odontológica E Congêneres"
"17.13","06530","Leilão E Congêneres"
"17.15","03387","Arbitragem De Qualquer Espécie, Inclusive Juridica"
"17.23","03743","Assessoria, Análise, Avaliação, Atendimento, Consulta, Cadastro, Seleção, Gerenciamento De Informações, Administração De Contas A Receber Ou A Pagar E Em Geral, Relacionados A Operações De Faturização (Factoring)."
"21.01","03877","Serviços De Registros Públicos, Cartorários E Notariais, Exceto Autenticação De Documentos, Reconhecimento De Firmas E Prestação De Informações Por Qualquer Forma Ou Meio Quando O Interessado Dispensar A Certidão Correspondente."
"21.01","03878","Autenticação De Documentos, Reconhecimento De Firmas E Prestação De Informações Por Qualquer Forma Ou Meio Quando O Interessado Dispensar A Certidão Correspondente, Prestados Por Notários, Oficiais De Registro Ou Seus Prepostos."
"25.03","06602","Planos Ou Convênio Funerários"
"16.02","02366","Transporte Por Táxi, Explorado Por Pessoa Jurídica"
"16.02","02404","Transporte De Escolares"
"16.02","02431","Transporte De Pessoas, Por Qualquer Meio, Dentro Do Território Do Município"
"16.02","02447","Transporte De Bens Ou Valores, Dentro Do Território Do Município (Inclusive Trans- Porte De Veículos)."
"10.05","06298","Agenciamento, Corretagem Ou Intermediação De Bens Móveis, Não Abrangidos Em Outros Itens Ou Subitens, Por Quaisquer Meios"
"17.11","03205","Fornecimento E Administração De Vales-Refeição, Valesalimentação, Vales-Transporte E Similares, Via Emissão Impressa Ou Carregados Em Cartões Eletrônicos Ou Magnéticos, Ou Outros Oriundos De Tecnologia Adequada"
"15.10","05895","Serviços Relacionados A Pagamentos, Por Meio Eletrônico, Realizados Por Facilitadores De Pagamento"
"03.02","07774","Exploração De “Stands” E Centros De Convenções Para A Promoção De Feiras, Exposições, Congressos E Congêneres."
"03.02","08037","Exploração De “Stands” E Centros De Convenções Para A Promoção De Feiras, Exposições, Congressos E Congêneres (Profissional Autônomo)."
"04.23","05312","Outros Planos De Saúde Que Se Cumpram Através De Serviços De Terceiros Contratados, Credenciados, Cooperados Ou Apenas Pagos Pelo Operador Do Plano Mediante Indicação Do Beneficiário"
"15.01","05771","Administração De Fundos Quaisquer"
"15.01","05800","Organização E Administração De Consórcios"
"15.01","05820","Administração De Cartão De Crédito Ou Débito E Congêneres"
"15.01","05836","Administração De Carteira De Clientes"
"15.01","05837","Administração De Carteira De Cheques Pré-Datados E Congêneres"
"15.09","05851","Arrendamento Mercantil (Leasing) De Quaisquer Bens, Inclusive Cessão De Direitos E Obrigações, Substituição De Garantia, Alteração, Cancelamento E Registro De Contrato, E Demais Serviços Relacionados Ao Arrendamento Mercantil (Leasing)"
"15.03","05870","Locação E Manutenção De Cofres Particulares, De Terminais Eletrônicos, De Terminais De Atendimento E De Bens E Equipamentos Em Geral"
"15.04","05871","Fornecimento Ou Emissão De Atestados Em Geral, Inclusive Atestado De Idoneidade, Atestado De Capacidade Financeira E Congêneres"
"15.05","05872","Cadastro, Elaboração De Ficha Cadastral, Renovação Cadastral E Congêneres, Inclusão Ou Exclusão No Cadastro De Emitentes De Cheques Sem Fundos – CCF Ou Em Quaisquer Outros Bancos Cadastrais"
"15.06","05873","Emissão, Reemissão E Fornecimento De Avisos, Comprovantes E Documentos Em Geral"," Abono De Firmas"," Coleta E Entrega De Documentos, Bens E Valores"," Comunicação Com Outra Agência Ou Com A Administração Central"," Licenciamento Eletrônico De Veículos"," Transferência De Veículos"," Agenciamento Fiduciário Ou Depositário"," Devolução De Bens Em Custódia"
"15.07","05874","Acesso, Movimentação, Atendimento E Consulta A Contas Em Geral, Por Qualquer Meio Ou Processo, Inclusive Por Telefone, Fac-Símile, Internet E Telex, Acesso A Terminais De Atendimento, Inclusive Vinte E Quatro Horas"," Acesso A Outro Banco E À Rede Compartilhada"," Fornecimento De Saldo, Extrato E Demais Informações Relativas A Contas Em Geral, Por Qualquer Meio Ou Processo"
"15.08","05875","Emissão, Reemissão, Alteração, Cessão, Substituição, Cancelamento E Registro De Contrato De Crédito"," Estudo, Análise E Avaliação De Operações De Crédito"," Emissão, Concessão, Alteração Ou Contratação De Aval, Fiança, Anuência E Congêneres"," Serviços Relativos À Abertura De Crédito, Para Quaisquer Fins"
"15.10","05876","Serviços Relacionados A Cobranças E Recebimentos Em Geral, De Títulos Quaisquer, De Contas Ou Carnês, De Câmbio, De Tributos E Por Conta De Terceiros, Inclusive Os Efetuados Por Meio Eletrônico, Automático Ou Por Máquinas De Atendimento"," Fornecimento De Posição De Cobrança, Recebimento Ou Pagamento"," Emissão De Fichas De Compensação, Impressos E Documentos Em Geral"
"15.10","05877","Serviços Relacionados A Pagamentos Em Geral, De Títulos Quaisquer, De Contas Ou Carnês, De Câmbio, De Tributos E Por Conta De Terceiros, Inclusive Os Efetuados Por Meio Eletrônico, Automático Ou Por Máquinas De Atendimento"," Emissão De Carnês"
"15.02","05878","Abertura De Contas Em Geral, Inclusive Conta-Corrente, Conta De Investimentos E Aplicação E Caderneta De Poupança, No País E No Exterior, Bem Como A Manutenção Das Referidas Contas Ativas E Inativas"
"15.11","05879","Devolução De Títulos, Protesto De Títulos, Sustação De Protesto, Manutenção De Títulos, Reapresentação De Títulos, E Demais Serviços A Eles Relacionados"
"15.13","05881","Serviços Relacionados A Operações De Câmbio Em Geral, Edição, Alteração, Prorrogação, Cancelamento E Baixa De Contrato De Câmbio"," Emissão De Registro De Exportação Ou De Crédito"," Cobrança Ou Depósito No Exterior"," Emissão, Fornecimento E Cancelamento De Cheques De Viagem"," Fornecimento, Transferência, Cancelamento E Demais Serviços Relativos À Carta De Crédito De Importação, Exportação E Garantias Recebidas"," Envio E Recebimento De Mensagens Em Geral Relacionadas A Operações De Câmbio"
"15.17","05885","Emissão, Fornecimento, Devolução, Sustação, Cancelamento E Oposição De Cheques Quaisquer, Avulso Ou Por Talão"
"15.18","05886","Serviços Relacionados A Crédito Imobiliário, Avaliação E Vistoria De Imóvel Ou Obra, Análise Técnica E Jurídica, Emissão, Reemissão, Alteração, Transferência E Renegociação De Contrato, Emissão E Reemissão Do Termo De Quitação E Demais Serviços Relacionados A Crédito Imobiliário"
"15.14","05887","Fornecimento, Emissão, Reemissão, Renovação E Manutenção De Cartão Magnético, Cartão De Crédito, Cartão De Débito, Cartão Salário E Congêneres"
"15.12","05888","Custódia Em Geral, Inclusive De Títulos E Valores Mobiliários, Realizada Pela Bolsa De Valores, Mercadorias E Futuros – BM&FBOVESPA S.A"
"15.12","05889","Custódia Em Geral, Inclusive De Títulos E Valores Mobiliários"
"15.15","05890","Compensação De Títulos Quaisquer"," Serviços Relacionados A Depósito, Inclusive Depósito Identificado, A Saque De Contas Quaisquer, Por Qualquer Meio Ou Processo, Inclusive Em Terminais Eletrônicos E De Atendimento, Realizados Pela Bolsa De Valores, Mercadorias E Futuros – BM&FBOVESPA S.A"
"15.15","05891","Compensação De Cheques E Títulos Quaisquer"," Serviços Relacionados A Depósito, Inclusive Depósito Identificado, A Saque De Contas Quaisquer, Por Qualquer Meio Ou Processo, Inclusive Em Terminais Eletrônicos E De Atendimento"
"15.16","05892","Emissão, Reemissão, Liquidação, Alteração, Cancelamento E Baixa De Ordens De Pagamento, Ordens De Crédito E Similares, Por Qualquer Meio Ou Processo"," Serviços Relacionados À Transferência De Valores, Dados, Fundos, Pagamentos E Similares, Inclusive Entre Contas Em Geral, Realizados Pela Bolsa De Valores, Mercadorias E Futuros – BM&FBOVESPA S.A"
"15.16","05893","Emissão, Reemissão, Liquidação, Alteração, Cancelamento E Baixa De Ordens De Pagamento, Ordens De Crédito E Similares, Por Qualquer Meio Ou Processo"," Serviços Relacionados À Transferência De Valores, Dados, Fundos, Pagamentos E Similares, Inclusive Entre Contas Em Geral"
"15.10","05876","Serviços Relacionados A Cobranças E Recebimentos Em Geral, De Títulos Quaisquer, De Contas Ou Carnês, De Câmbio, De Tributos E Por Conta De Terceiros, Inclusive Os Efetuados Por Meio Eletrônico, Automático Ou Por Máquinas De Atendimento"," Fornecimento De Posição De Cobrança, Recebimento Ou Pagamento"," Emissão De Fichas De Compensação, Impressos E Documentos Em Geral"
